sep=,
document,dataset_section,obligation,present,adequate,notes,annotator
PharMolix__BioMedGPT-LM-7B_annex_iv,training,design_choices,1,,,claude_normalized
PharMolix__BioMedGPT-LM-7B_annex_iv,training,provenance,1,,,claude_normalized
PharMolix__BioMedGPT-LM-7B_annex_iv,training,preprocessing,1,,,claude_normalized
PharMolix__BioMedGPT-LM-7B_annex_iv,training,assumptions,0,,,claude_normalized
PharMolix__BioMedGPT-LM-7B_annex_iv,training,suitability,1,,,claude_normalized
PharMolix__BioMedGPT-LM-7B_annex_iv,training,bias_examination,0,,,claude_normalized
PharMolix__BioMedGPT-LM-7B_annex_iv,training,bias_mitigation,0,,,claude_normalized
PharMolix__BioMedGPT-LM-7B_annex_iv,training,data_gap,0,,,claude_normalized
PharMolix__BioMedGPT-LM-7B_annex_iv,training,relevance,1,,,claude_normalized
PharMolix__BioMedGPT-LM-7B_annex_iv,training,representativeness,0,,,claude_normalized
PharMolix__BioMedGPT-LM-7B_annex_iv,training,statistical_props,0,,,claude_normalized
PharMolix__BioMedGPT-LM-7B_annex_iv,training,quality_metrics,0,,,claude_normalized
PharMolix__BioMedGPT-LM-7B_annex_iv,training,contextual_characteristics,0,,,claude_normalized
PharMolix__BioMedGPT-LM-7B_annex_iv,validation,design_choices,0,,,claude_normalized
PharMolix__BioMedGPT-LM-7B_annex_iv,validation,provenance,0,,,claude_normalized
PharMolix__BioMedGPT-LM-7B_annex_iv,validation,preprocessing,0,,,claude_normalized
PharMolix__BioMedGPT-LM-7B_annex_iv,validation,assumptions,0,,,claude_normalized
PharMolix__BioMedGPT-LM-7B_annex_iv,validation,suitability,0,,,claude_normalized
PharMolix__BioMedGPT-LM-7B_annex_iv,validation,bias_examination,0,,,claude_normalized
PharMolix__BioMedGPT-LM-7B_annex_iv,validation,bias_mitigation,0,,,claude_normalized
PharMolix__BioMedGPT-LM-7B_annex_iv,validation,data_gap,0,,,claude_normalized
PharMolix__BioMedGPT-LM-7B_annex_iv,validation,relevance,0,,,claude_normalized
PharMolix__BioMedGPT-LM-7B_annex_iv,validation,representativeness,0,,,claude_normalized
PharMolix__BioMedGPT-LM-7B_annex_iv,validation,statistical_props,0,,,claude_normalized
PharMolix__BioMedGPT-LM-7B_annex_iv,validation,quality_metrics,0,,,claude_normalized
PharMolix__BioMedGPT-LM-7B_annex_iv,validation,contextual_characteristics,0,,,claude_normalized
PharMolix__BioMedGPT-LM-7B_annex_iv,testing,design_choices,0,,,claude_normalized
PharMolix__BioMedGPT-LM-7B_annex_iv,testing,provenance,0,,,claude_normalized
PharMolix__BioMedGPT-LM-7B_annex_iv,testing,preprocessing,0,,,claude_normalized
PharMolix__BioMedGPT-LM-7B_annex_iv,testing,assumptions,0,,,claude_normalized
PharMolix__BioMedGPT-LM-7B_annex_iv,testing,suitability,0,,,claude_normalized
PharMolix__BioMedGPT-LM-7B_annex_iv,testing,bias_examination,0,,,claude_normalized
PharMolix__BioMedGPT-LM-7B_annex_iv,testing,bias_mitigation,0,,,claude_normalized
PharMolix__BioMedGPT-LM-7B_annex_iv,testing,data_gap,0,,,claude_normalized
PharMolix__BioMedGPT-LM-7B_annex_iv,testing,relevance,0,,,claude_normalized
PharMolix__BioMedGPT-LM-7B_annex_iv,testing,representativeness,0,,,claude_normalized
PharMolix__BioMedGPT-LM-7B_annex_iv,testing,statistical_props,0,,,claude_normalized
PharMolix__BioMedGPT-LM-7B_annex_iv,testing,quality_metrics,0,,,claude_normalized
PharMolix__BioMedGPT-LM-7B_annex_iv,testing,contextual_characteristics,0,,,claude_normalized
StanfordAIMI__stanford-deidentifier-base_annex_iv,training,design_choices,1,,,claude_normalized
StanfordAIMI__stanford-deidentifier-base_annex_iv,training,provenance,1,,,claude_normalized
StanfordAIMI__stanford-deidentifier-base_annex_iv,training,preprocessing,1,,,claude_normalized
StanfordAIMI__stanford-deidentifier-base_annex_iv,training,assumptions,0,,,claude_normalized
StanfordAIMI__stanford-deidentifier-base_annex_iv,training,suitability,1,,,claude_normalized
StanfordAIMI__stanford-deidentifier-base_annex_iv,training,bias_examination,0,,,claude_normalized
StanfordAIMI__stanford-deidentifier-base_annex_iv,training,bias_mitigation,0,,,claude_normalized
StanfordAIMI__stanford-deidentifier-base_annex_iv,training,data_gap,0,,,claude_normalized
StanfordAIMI__stanford-deidentifier-base_annex_iv,training,relevance,0,,,claude_normalized
StanfordAIMI__stanford-deidentifier-base_annex_iv,training,representativeness,0,,,claude_normalized
StanfordAIMI__stanford-deidentifier-base_annex_iv,training,statistical_props,0,,,claude_normalized
StanfordAIMI__stanford-deidentifier-base_annex_iv,training,quality_metrics,0,,,claude_normalized
StanfordAIMI__stanford-deidentifier-base_annex_iv,training,contextual_characteristics,1,,,claude_normalized
StanfordAIMI__stanford-deidentifier-base_annex_iv,validation,design_choices,0,,,claude_normalized
StanfordAIMI__stanford-deidentifier-base_annex_iv,validation,provenance,0,,,claude_normalized
StanfordAIMI__stanford-deidentifier-base_annex_iv,validation,preprocessing,0,,,claude_normalized
StanfordAIMI__stanford-deidentifier-base_annex_iv,validation,assumptions,0,,,claude_normalized
StanfordAIMI__stanford-deidentifier-base_annex_iv,validation,suitability,0,,,claude_normalized
StanfordAIMI__stanford-deidentifier-base_annex_iv,validation,bias_examination,0,,,claude_normalized
StanfordAIMI__stanford-deidentifier-base_annex_iv,validation,bias_mitigation,0,,,claude_normalized
StanfordAIMI__stanford-deidentifier-base_annex_iv,validation,data_gap,0,,,claude_normalized
StanfordAIMI__stanford-deidentifier-base_annex_iv,validation,relevance,0,,,claude_normalized
StanfordAIMI__stanford-deidentifier-base_annex_iv,validation,representativeness,0,,,claude_normalized
StanfordAIMI__stanford-deidentifier-base_annex_iv,validation,statistical_props,0,,,claude_normalized
StanfordAIMI__stanford-deidentifier-base_annex_iv,validation,quality_metrics,0,,,claude_normalized
StanfordAIMI__stanford-deidentifier-base_annex_iv,validation,contextual_characteristics,0,,,claude_normalized
StanfordAIMI__stanford-deidentifier-base_annex_iv,testing,design_choices,1,,,claude_normalized
StanfordAIMI__stanford-deidentifier-base_annex_iv,testing,provenance,1,,,claude_normalized
StanfordAIMI__stanford-deidentifier-base_annex_iv,testing,preprocessing,0,,,claude_normalized
StanfordAIMI__stanford-deidentifier-base_annex_iv,testing,assumptions,0,,,claude_normalized
StanfordAIMI__stanford-deidentifier-base_annex_iv,testing,suitability,1,,,claude_normalized
StanfordAIMI__stanford-deidentifier-base_annex_iv,testing,bias_examination,0,,,claude_normalized
StanfordAIMI__stanford-deidentifier-base_annex_iv,testing,bias_mitigation,0,,,claude_normalized
StanfordAIMI__stanford-deidentifier-base_annex_iv,testing,data_gap,0,,,claude_normalized
StanfordAIMI__stanford-deidentifier-base_annex_iv,testing,relevance,0,,,claude_normalized
StanfordAIMI__stanford-deidentifier-base_annex_iv,testing,representativeness,0,,,claude_normalized
StanfordAIMI__stanford-deidentifier-base_annex_iv,testing,statistical_props,1,,,claude_normalized
StanfordAIMI__stanford-deidentifier-base_annex_iv,testing,quality_metrics,1,,,claude_normalized
StanfordAIMI__stanford-deidentifier-base_annex_iv,testing,contextual_characteristics,1,,,claude_normalized
allenai__biomed_roberta_base_annex_iv,training,design_choices,1,,,claude_normalized
allenai__biomed_roberta_base_annex_iv,training,provenance,1,,,claude_normalized
allenai__biomed_roberta_base_annex_iv,training,preprocessing,1,,,claude_normalized
allenai__biomed_roberta_base_annex_iv,training,assumptions,0,,,claude_normalized
allenai__biomed_roberta_base_annex_iv,training,suitability,1,,,claude_normalized
allenai__biomed_roberta_base_annex_iv,training,bias_examination,0,,,claude_normalized
allenai__biomed_roberta_base_annex_iv,training,bias_mitigation,0,,,claude_normalized
allenai__biomed_roberta_base_annex_iv,training,data_gap,0,,,claude_normalized
allenai__biomed_roberta_base_annex_iv,training,relevance,0,,,claude_normalized
allenai__biomed_roberta_base_annex_iv,training,representativeness,0,,,claude_normalized
allenai__biomed_roberta_base_annex_iv,training,statistical_props,0,,,claude_normalized
allenai__biomed_roberta_base_annex_iv,training,quality_metrics,0,,,claude_normalized
allenai__biomed_roberta_base_annex_iv,training,contextual_characteristics,0,,,claude_normalized
allenai__biomed_roberta_base_annex_iv,validation,design_choices,0,,,claude_normalized
allenai__biomed_roberta_base_annex_iv,validation,provenance,0,,,claude_normalized
allenai__biomed_roberta_base_annex_iv,validation,preprocessing,0,,,claude_normalized
allenai__biomed_roberta_base_annex_iv,validation,assumptions,0,,,claude_normalized
allenai__biomed_roberta_base_annex_iv,validation,suitability,0,,,claude_normalized
allenai__biomed_roberta_base_annex_iv,validation,bias_examination,0,,,claude_normalized
allenai__biomed_roberta_base_annex_iv,validation,bias_mitigation,0,,,claude_normalized
allenai__biomed_roberta_base_annex_iv,validation,data_gap,0,,,claude_normalized
allenai__biomed_roberta_base_annex_iv,validation,relevance,0,,,claude_normalized
allenai__biomed_roberta_base_annex_iv,validation,representativeness,0,,,claude_normalized
allenai__biomed_roberta_base_annex_iv,validation,statistical_props,0,,,claude_normalized
allenai__biomed_roberta_base_annex_iv,validation,quality_metrics,0,,,claude_normalized
allenai__biomed_roberta_base_annex_iv,validation,contextual_characteristics,0,,,claude_normalized
allenai__biomed_roberta_base_annex_iv,testing,design_choices,1,,,claude_normalized
allenai__biomed_roberta_base_annex_iv,testing,provenance,0,,,claude_normalized
allenai__biomed_roberta_base_annex_iv,testing,preprocessing,0,,,claude_normalized
allenai__biomed_roberta_base_annex_iv,testing,assumptions,0,,,claude_normalized
allenai__biomed_roberta_base_annex_iv,testing,suitability,0,,,claude_normalized
allenai__biomed_roberta_base_annex_iv,testing,bias_examination,0,,,claude_normalized
allenai__biomed_roberta_base_annex_iv,testing,bias_mitigation,0,,,claude_normalized
allenai__biomed_roberta_base_annex_iv,testing,data_gap,1,,,claude_normalized
allenai__biomed_roberta_base_annex_iv,testing,relevance,0,,,claude_normalized
allenai__biomed_roberta_base_annex_iv,testing,representativeness,0,,,claude_normalized
allenai__biomed_roberta_base_annex_iv,testing,statistical_props,1,,,claude_normalized
allenai__biomed_roberta_base_annex_iv,testing,quality_metrics,0,,,claude_normalized
allenai__biomed_roberta_base_annex_iv,testing,contextual_characteristics,0,,,claude_normalized
axiong__PMC_LLaMA_13B_annex_iv,training,design_choices,1,,,claude_normalized
axiong__PMC_LLaMA_13B_annex_iv,training,provenance,1,,,claude_normalized
axiong__PMC_LLaMA_13B_annex_iv,training,preprocessing,0,,,claude_normalized
axiong__PMC_LLaMA_13B_annex_iv,training,assumptions,0,,,claude_normalized
axiong__PMC_LLaMA_13B_annex_iv,training,suitability,0,,,claude_normalized
axiong__PMC_LLaMA_13B_annex_iv,training,bias_examination,0,,,claude_normalized
axiong__PMC_LLaMA_13B_annex_iv,training,bias_mitigation,0,,,claude_normalized
axiong__PMC_LLaMA_13B_annex_iv,training,data_gap,0,,,claude_normalized
axiong__PMC_LLaMA_13B_annex_iv,training,relevance,0,,,claude_normalized
axiong__PMC_LLaMA_13B_annex_iv,training,representativeness,0,,,claude_normalized
axiong__PMC_LLaMA_13B_annex_iv,training,statistical_props,0,,,claude_normalized
axiong__PMC_LLaMA_13B_annex_iv,training,quality_metrics,0,,,claude_normalized
axiong__PMC_LLaMA_13B_annex_iv,training,contextual_characteristics,0,,,claude_normalized
axiong__PMC_LLaMA_13B_annex_iv,validation,design_choices,0,,,claude_normalized
axiong__PMC_LLaMA_13B_annex_iv,validation,provenance,0,,,claude_normalized
axiong__PMC_LLaMA_13B_annex_iv,validation,preprocessing,0,,,claude_normalized
axiong__PMC_LLaMA_13B_annex_iv,validation,assumptions,0,,,claude_normalized
axiong__PMC_LLaMA_13B_annex_iv,validation,suitability,0,,,claude_normalized
axiong__PMC_LLaMA_13B_annex_iv,validation,bias_examination,0,,,claude_normalized
axiong__PMC_LLaMA_13B_annex_iv,validation,bias_mitigation,0,,,claude_normalized
axiong__PMC_LLaMA_13B_annex_iv,validation,data_gap,0,,,claude_normalized
axiong__PMC_LLaMA_13B_annex_iv,validation,relevance,0,,,claude_normalized
axiong__PMC_LLaMA_13B_annex_iv,validation,representativeness,0,,,claude_normalized
axiong__PMC_LLaMA_13B_annex_iv,validation,statistical_props,0,,,claude_normalized
axiong__PMC_LLaMA_13B_annex_iv,validation,quality_metrics,0,,,claude_normalized
axiong__PMC_LLaMA_13B_annex_iv,validation,contextual_characteristics,0,,,claude_normalized
axiong__PMC_LLaMA_13B_annex_iv,testing,design_choices,1,,,claude_normalized
axiong__PMC_LLaMA_13B_annex_iv,testing,provenance,0,,,claude_normalized
axiong__PMC_LLaMA_13B_annex_iv,testing,preprocessing,0,,,claude_normalized
axiong__PMC_LLaMA_13B_annex_iv,testing,assumptions,0,,,claude_normalized
axiong__PMC_LLaMA_13B_annex_iv,testing,suitability,0,,,claude_normalized
axiong__PMC_LLaMA_13B_annex_iv,testing,bias_examination,0,,,claude_normalized
axiong__PMC_LLaMA_13B_annex_iv,testing,bias_mitigation,0,,,claude_normalized
axiong__PMC_LLaMA_13B_annex_iv,testing,data_gap,0,,,claude_normalized
axiong__PMC_LLaMA_13B_annex_iv,testing,relevance,0,,,claude_normalized
axiong__PMC_LLaMA_13B_annex_iv,testing,representativeness,0,,,claude_normalized
axiong__PMC_LLaMA_13B_annex_iv,testing,statistical_props,0,,,claude_normalized
axiong__PMC_LLaMA_13B_annex_iv,testing,quality_metrics,0,,,claude_normalized
axiong__PMC_LLaMA_13B_annex_iv,testing,contextual_characteristics,0,,,claude_normalized
cambridgeltl__SapBERT-from-PubMedBERT-fulltext_annex_iv,training,design_choices,1,,,claude_normalized
cambridgeltl__SapBERT-from-PubMedBERT-fulltext_annex_iv,training,provenance,1,,,claude_normalized
cambridgeltl__SapBERT-from-PubMedBERT-fulltext_annex_iv,training,preprocessing,0,,,claude_normalized
cambridgeltl__SapBERT-from-PubMedBERT-fulltext_annex_iv,training,assumptions,0,,,claude_normalized
cambridgeltl__SapBERT-from-PubMedBERT-fulltext_annex_iv,training,suitability,1,,,claude_normalized
cambridgeltl__SapBERT-from-PubMedBERT-fulltext_annex_iv,training,bias_examination,0,,,claude_normalized
cambridgeltl__SapBERT-from-PubMedBERT-fulltext_annex_iv,training,bias_mitigation,0,,,claude_normalized
cambridgeltl__SapBERT-from-PubMedBERT-fulltext_annex_iv,training,data_gap,0,,,claude_normalized
cambridgeltl__SapBERT-from-PubMedBERT-fulltext_annex_iv,training,relevance,0,,,claude_normalized
cambridgeltl__SapBERT-from-PubMedBERT-fulltext_annex_iv,training,representativeness,0,,,claude_normalized
cambridgeltl__SapBERT-from-PubMedBERT-fulltext_annex_iv,training,statistical_props,0,,,claude_normalized
cambridgeltl__SapBERT-from-PubMedBERT-fulltext_annex_iv,training,quality_metrics,0,,,claude_normalized
cambridgeltl__SapBERT-from-PubMedBERT-fulltext_annex_iv,training,contextual_characteristics,0,,,claude_normalized
cambridgeltl__SapBERT-from-PubMedBERT-fulltext_annex_iv,validation,design_choices,0,,,claude_normalized
cambridgeltl__SapBERT-from-PubMedBERT-fulltext_annex_iv,validation,provenance,0,,,claude_normalized
cambridgeltl__SapBERT-from-PubMedBERT-fulltext_annex_iv,validation,preprocessing,0,,,claude_normalized
cambridgeltl__SapBERT-from-PubMedBERT-fulltext_annex_iv,validation,assumptions,0,,,claude_normalized
cambridgeltl__SapBERT-from-PubMedBERT-fulltext_annex_iv,validation,suitability,0,,,claude_normalized
cambridgeltl__SapBERT-from-PubMedBERT-fulltext_annex_iv,validation,bias_examination,0,,,claude_normalized
cambridgeltl__SapBERT-from-PubMedBERT-fulltext_annex_iv,validation,bias_mitigation,0,,,claude_normalized
cambridgeltl__SapBERT-from-PubMedBERT-fulltext_annex_iv,validation,data_gap,0,,,claude_normalized
cambridgeltl__SapBERT-from-PubMedBERT-fulltext_annex_iv,validation,relevance,0,,,claude_normalized
cambridgeltl__SapBERT-from-PubMedBERT-fulltext_annex_iv,validation,representativeness,0,,,claude_normalized
cambridgeltl__SapBERT-from-PubMedBERT-fulltext_annex_iv,validation,statistical_props,0,,,claude_normalized
cambridgeltl__SapBERT-from-PubMedBERT-fulltext_annex_iv,validation,quality_metrics,0,,,claude_normalized
cambridgeltl__SapBERT-from-PubMedBERT-fulltext_annex_iv,validation,contextual_characteristics,0,,,claude_normalized
cambridgeltl__SapBERT-from-PubMedBERT-fulltext_annex_iv,testing,design_choices,1,,,claude_normalized
cambridgeltl__SapBERT-from-PubMedBERT-fulltext_annex_iv,testing,provenance,1,,,claude_normalized
cambridgeltl__SapBERT-from-PubMedBERT-fulltext_annex_iv,testing,preprocessing,0,,,claude_normalized
cambridgeltl__SapBERT-from-PubMedBERT-fulltext_annex_iv,testing,assumptions,0,,,claude_normalized
cambridgeltl__SapBERT-from-PubMedBERT-fulltext_annex_iv,testing,suitability,0,,,claude_normalized
cambridgeltl__SapBERT-from-PubMedBERT-fulltext_annex_iv,testing,bias_examination,0,,,claude_normalized
cambridgeltl__SapBERT-from-PubMedBERT-fulltext_annex_iv,testing,bias_mitigation,0,,,claude_normalized
cambridgeltl__SapBERT-from-PubMedBERT-fulltext_annex_iv,testing,data_gap,0,,,claude_normalized
cambridgeltl__SapBERT-from-PubMedBERT-fulltext_annex_iv,testing,relevance,0,,,claude_normalized
cambridgeltl__SapBERT-from-PubMedBERT-fulltext_annex_iv,testing,representativeness,0,,,claude_normalized
cambridgeltl__SapBERT-from-PubMedBERT-fulltext_annex_iv,testing,statistical_props,0,,,claude_normalized
cambridgeltl__SapBERT-from-PubMedBERT-fulltext_annex_iv,testing,quality_metrics,1,,,claude_normalized
cambridgeltl__SapBERT-from-PubMedBERT-fulltext_annex_iv,testing,contextual_characteristics,0,,,claude_normalized
emilyalsentzer__Bio_ClinicalBERT_annex_iv,training,design_choices,1,,,claude_normalized
emilyalsentzer__Bio_ClinicalBERT_annex_iv,training,provenance,1,,,claude_normalized
emilyalsentzer__Bio_ClinicalBERT_annex_iv,training,preprocessing,1,,,claude_normalized
emilyalsentzer__Bio_ClinicalBERT_annex_iv,training,assumptions,0,,,claude_normalized
emilyalsentzer__Bio_ClinicalBERT_annex_iv,training,suitability,1,,,claude_normalized
emilyalsentzer__Bio_ClinicalBERT_annex_iv,training,bias_examination,0,,,claude_normalized
emilyalsentzer__Bio_ClinicalBERT_annex_iv,training,bias_mitigation,0,,,claude_normalized
emilyalsentzer__Bio_ClinicalBERT_annex_iv,training,data_gap,0,,,claude_normalized
emilyalsentzer__Bio_ClinicalBERT_annex_iv,training,relevance,0,,,claude_normalized
emilyalsentzer__Bio_ClinicalBERT_annex_iv,training,representativeness,0,,,claude_normalized
emilyalsentzer__Bio_ClinicalBERT_annex_iv,training,statistical_props,0,,,claude_normalized
emilyalsentzer__Bio_ClinicalBERT_annex_iv,training,quality_metrics,0,,,claude_normalized
emilyalsentzer__Bio_ClinicalBERT_annex_iv,training,contextual_characteristics,1,,,claude_normalized
emilyalsentzer__Bio_ClinicalBERT_annex_iv,validation,design_choices,0,,,claude_normalized
emilyalsentzer__Bio_ClinicalBERT_annex_iv,validation,provenance,0,,,claude_normalized
emilyalsentzer__Bio_ClinicalBERT_annex_iv,validation,preprocessing,0,,,claude_normalized
emilyalsentzer__Bio_ClinicalBERT_annex_iv,validation,assumptions,0,,,claude_normalized
emilyalsentzer__Bio_ClinicalBERT_annex_iv,validation,suitability,0,,,claude_normalized
emilyalsentzer__Bio_ClinicalBERT_annex_iv,validation,bias_examination,0,,,claude_normalized
emilyalsentzer__Bio_ClinicalBERT_annex_iv,validation,bias_mitigation,0,,,claude_normalized
emilyalsentzer__Bio_ClinicalBERT_annex_iv,validation,data_gap,0,,,claude_normalized
emilyalsentzer__Bio_ClinicalBERT_annex_iv,validation,relevance,0,,,claude_normalized
emilyalsentzer__Bio_ClinicalBERT_annex_iv,validation,representativeness,0,,,claude_normalized
emilyalsentzer__Bio_ClinicalBERT_annex_iv,validation,statistical_props,0,,,claude_normalized
emilyalsentzer__Bio_ClinicalBERT_annex_iv,validation,quality_metrics,0,,,claude_normalized
emilyalsentzer__Bio_ClinicalBERT_annex_iv,validation,contextual_characteristics,0,,,claude_normalized
emilyalsentzer__Bio_ClinicalBERT_annex_iv,testing,design_choices,0,,,claude_normalized
emilyalsentzer__Bio_ClinicalBERT_annex_iv,testing,provenance,0,,,claude_normalized
emilyalsentzer__Bio_ClinicalBERT_annex_iv,testing,preprocessing,0,,,claude_normalized
emilyalsentzer__Bio_ClinicalBERT_annex_iv,testing,assumptions,0,,,claude_normalized
emilyalsentzer__Bio_ClinicalBERT_annex_iv,testing,suitability,0,,,claude_normalized
emilyalsentzer__Bio_ClinicalBERT_annex_iv,testing,bias_examination,0,,,claude_normalized
emilyalsentzer__Bio_ClinicalBERT_annex_iv,testing,bias_mitigation,0,,,claude_normalized
emilyalsentzer__Bio_ClinicalBERT_annex_iv,testing,data_gap,0,,,claude_normalized
emilyalsentzer__Bio_ClinicalBERT_annex_iv,testing,relevance,0,,,claude_normalized
emilyalsentzer__Bio_ClinicalBERT_annex_iv,testing,representativeness,0,,,claude_normalized
emilyalsentzer__Bio_ClinicalBERT_annex_iv,testing,statistical_props,0,,,claude_normalized
emilyalsentzer__Bio_ClinicalBERT_annex_iv,testing,quality_metrics,0,,,claude_normalized
emilyalsentzer__Bio_ClinicalBERT_annex_iv,testing,contextual_characteristics,0,,,claude_normalized
epfl-llm__meditron-7b_annex_iv,training,design_choices,1,,,claude_normalized
epfl-llm__meditron-7b_annex_iv,training,provenance,1,,,claude_normalized
epfl-llm__meditron-7b_annex_iv,training,preprocessing,1,,,claude_normalized
epfl-llm__meditron-7b_annex_iv,training,assumptions,0,,,claude_normalized
epfl-llm__meditron-7b_annex_iv,training,suitability,1,,,claude_normalized
epfl-llm__meditron-7b_annex_iv,training,bias_examination,1,,,claude_normalized
epfl-llm__meditron-7b_annex_iv,training,bias_mitigation,0,,,claude_normalized
epfl-llm__meditron-7b_annex_iv,training,data_gap,0,,,claude_normalized
epfl-llm__meditron-7b_annex_iv,training,relevance,0,,,claude_normalized
epfl-llm__meditron-7b_annex_iv,training,representativeness,0,,,claude_normalized
epfl-llm__meditron-7b_annex_iv,training,statistical_props,0,,,claude_normalized
epfl-llm__meditron-7b_annex_iv,training,quality_metrics,0,,,claude_normalized
epfl-llm__meditron-7b_annex_iv,training,contextual_characteristics,0,,,claude_normalized
epfl-llm__meditron-7b_annex_iv,validation,design_choices,0,,,claude_normalized
epfl-llm__meditron-7b_annex_iv,validation,provenance,0,,,claude_normalized
epfl-llm__meditron-7b_annex_iv,validation,preprocessing,0,,,claude_normalized
epfl-llm__meditron-7b_annex_iv,validation,assumptions,0,,,claude_normalized
epfl-llm__meditron-7b_annex_iv,validation,suitability,0,,,claude_normalized
epfl-llm__meditron-7b_annex_iv,validation,bias_examination,0,,,claude_normalized
epfl-llm__meditron-7b_annex_iv,validation,bias_mitigation,0,,,claude_normalized
epfl-llm__meditron-7b_annex_iv,validation,data_gap,0,,,claude_normalized
epfl-llm__meditron-7b_annex_iv,validation,relevance,0,,,claude_normalized
epfl-llm__meditron-7b_annex_iv,validation,representativeness,0,,,claude_normalized
epfl-llm__meditron-7b_annex_iv,validation,statistical_props,0,,,claude_normalized
epfl-llm__meditron-7b_annex_iv,validation,quality_metrics,0,,,claude_normalized
epfl-llm__meditron-7b_annex_iv,validation,contextual_characteristics,0,,,claude_normalized
epfl-llm__meditron-7b_annex_iv,testing,design_choices,1,,,claude_normalized
epfl-llm__meditron-7b_annex_iv,testing,provenance,1,,,claude_normalized
epfl-llm__meditron-7b_annex_iv,testing,preprocessing,0,,,claude_normalized
epfl-llm__meditron-7b_annex_iv,testing,assumptions,0,,,claude_normalized
epfl-llm__meditron-7b_annex_iv,testing,suitability,0,,,claude_normalized
epfl-llm__meditron-7b_annex_iv,testing,bias_examination,0,,,claude_normalized
epfl-llm__meditron-7b_annex_iv,testing,bias_mitigation,0,,,claude_normalized
epfl-llm__meditron-7b_annex_iv,testing,data_gap,0,,,claude_normalized
epfl-llm__meditron-7b_annex_iv,testing,relevance,0,,,claude_normalized
epfl-llm__meditron-7b_annex_iv,testing,representativeness,0,,,claude_normalized
epfl-llm__meditron-7b_annex_iv,testing,statistical_props,0,,,claude_normalized
epfl-llm__meditron-7b_annex_iv,testing,quality_metrics,1,,,claude_normalized
epfl-llm__meditron-7b_annex_iv,testing,contextual_characteristics,0,,,claude_normalized
google__medgemma-27b-it_annex_iv,training,design_choices,1,,,claude_normalized
google__medgemma-27b-it_annex_iv,training,provenance,1,,,claude_normalized
google__medgemma-27b-it_annex_iv,training,preprocessing,1,,,claude_normalized
google__medgemma-27b-it_annex_iv,training,assumptions,0,,,claude_normalized
google__medgemma-27b-it_annex_iv,training,suitability,0,,,claude_normalized
google__medgemma-27b-it_annex_iv,training,bias_examination,1,,,claude_normalized
google__medgemma-27b-it_annex_iv,training,bias_mitigation,0,,,claude_normalized
google__medgemma-27b-it_annex_iv,training,data_gap,1,,,claude_normalized
google__medgemma-27b-it_annex_iv,training,relevance,0,,,claude_normalized
google__medgemma-27b-it_annex_iv,training,representativeness,0,,,claude_normalized
google__medgemma-27b-it_annex_iv,training,statistical_props,0,,,claude_normalized
google__medgemma-27b-it_annex_iv,training,quality_metrics,0,,,claude_normalized
google__medgemma-27b-it_annex_iv,training,contextual_characteristics,1,,,claude_normalized
google__medgemma-27b-it_annex_iv,validation,design_choices,0,,,claude_normalized
google__medgemma-27b-it_annex_iv,validation,provenance,0,,,claude_normalized
google__medgemma-27b-it_annex_iv,validation,preprocessing,0,,,claude_normalized
google__medgemma-27b-it_annex_iv,validation,assumptions,0,,,claude_normalized
google__medgemma-27b-it_annex_iv,validation,suitability,0,,,claude_normalized
google__medgemma-27b-it_annex_iv,validation,bias_examination,0,,,claude_normalized
google__medgemma-27b-it_annex_iv,validation,bias_mitigation,0,,,claude_normalized
google__medgemma-27b-it_annex_iv,validation,data_gap,0,,,claude_normalized
google__medgemma-27b-it_annex_iv,validation,relevance,0,,,claude_normalized
google__medgemma-27b-it_annex_iv,validation,representativeness,1,,,claude_normalized
google__medgemma-27b-it_annex_iv,validation,statistical_props,0,,,claude_normalized
google__medgemma-27b-it_annex_iv,validation,quality_metrics,0,,,claude_normalized
google__medgemma-27b-it_annex_iv,validation,contextual_characteristics,0,,,claude_normalized
google__medgemma-27b-it_annex_iv,testing,design_choices,1,,,claude_normalized
google__medgemma-27b-it_annex_iv,testing,provenance,1,,,claude_normalized
google__medgemma-27b-it_annex_iv,testing,preprocessing,0,,,claude_normalized
google__medgemma-27b-it_annex_iv,testing,assumptions,0,,,claude_normalized
google__medgemma-27b-it_annex_iv,testing,suitability,1,,,claude_normalized
google__medgemma-27b-it_annex_iv,testing,bias_examination,0,,,claude_normalized
google__medgemma-27b-it_annex_iv,testing,bias_mitigation,0,,,claude_normalized
google__medgemma-27b-it_annex_iv,testing,data_gap,1,,,claude_normalized
google__medgemma-27b-it_annex_iv,testing,relevance,0,,,claude_normalized
google__medgemma-27b-it_annex_iv,testing,representativeness,0,,,claude_normalized
google__medgemma-27b-it_annex_iv,testing,statistical_props,1,,,claude_normalized
google__medgemma-27b-it_annex_iv,testing,quality_metrics,1,,,claude_normalized
google__medgemma-27b-it_annex_iv,testing,contextual_characteristics,0,,,claude_normalized
google__medgemma-4b-it_annex_iv,training,design_choices,1,,,claude_normalized
google__medgemma-4b-it_annex_iv,training,provenance,1,,,claude_normalized
google__medgemma-4b-it_annex_iv,training,preprocessing,1,,,claude_normalized
google__medgemma-4b-it_annex_iv,training,assumptions,0,,,claude_normalized
google__medgemma-4b-it_annex_iv,training,suitability,0,,,claude_normalized
google__medgemma-4b-it_annex_iv,training,bias_examination,1,,,claude_normalized
google__medgemma-4b-it_annex_iv,training,bias_mitigation,0,,,claude_normalized
google__medgemma-4b-it_annex_iv,training,data_gap,1,,,claude_normalized
google__medgemma-4b-it_annex_iv,training,relevance,0,,,claude_normalized
google__medgemma-4b-it_annex_iv,training,representativeness,0,,,claude_normalized
google__medgemma-4b-it_annex_iv,training,statistical_props,0,,,claude_normalized
google__medgemma-4b-it_annex_iv,training,quality_metrics,0,,,claude_normalized
google__medgemma-4b-it_annex_iv,training,contextual_characteristics,1,,,claude_normalized
google__medgemma-4b-it_annex_iv,validation,design_choices,0,,,claude_normalized
google__medgemma-4b-it_annex_iv,validation,provenance,0,,,claude_normalized
google__medgemma-4b-it_annex_iv,validation,preprocessing,0,,,claude_normalized
google__medgemma-4b-it_annex_iv,validation,assumptions,0,,,claude_normalized
google__medgemma-4b-it_annex_iv,validation,suitability,0,,,claude_normalized
google__medgemma-4b-it_annex_iv,validation,bias_examination,0,,,claude_normalized
google__medgemma-4b-it_annex_iv,validation,bias_mitigation,0,,,claude_normalized
google__medgemma-4b-it_annex_iv,validation,data_gap,0,,,claude_normalized
google__medgemma-4b-it_annex_iv,validation,relevance,0,,,claude_normalized
google__medgemma-4b-it_annex_iv,validation,representativeness,1,,,claude_normalized
google__medgemma-4b-it_annex_iv,validation,statistical_props,0,,,claude_normalized
google__medgemma-4b-it_annex_iv,validation,quality_metrics,0,,,claude_normalized
google__medgemma-4b-it_annex_iv,validation,contextual_characteristics,0,,,claude_normalized
google__medgemma-4b-it_annex_iv,testing,design_choices,1,,,claude_normalized
google__medgemma-4b-it_annex_iv,testing,provenance,1,,,claude_normalized
google__medgemma-4b-it_annex_iv,testing,preprocessing,0,,,claude_normalized
google__medgemma-4b-it_annex_iv,testing,assumptions,0,,,claude_normalized
google__medgemma-4b-it_annex_iv,testing,suitability,1,,,claude_normalized
google__medgemma-4b-it_annex_iv,testing,bias_examination,0,,,claude_normalized
google__medgemma-4b-it_annex_iv,testing,bias_mitigation,0,,,claude_normalized
google__medgemma-4b-it_annex_iv,testing,data_gap,1,,,claude_normalized
google__medgemma-4b-it_annex_iv,testing,relevance,0,,,claude_normalized
google__medgemma-4b-it_annex_iv,testing,representativeness,0,,,claude_normalized
google__medgemma-4b-it_annex_iv,testing,statistical_props,0,,,claude_normalized
google__medgemma-4b-it_annex_iv,testing,quality_metrics,1,,,claude_normalized
google__medgemma-4b-it_annex_iv,testing,contextual_characteristics,0,,,claude_normalized
m42-health__med42-70b_annex_iv,training,design_choices,1,,,claude_normalized
m42-health__med42-70b_annex_iv,training,provenance,1,,,claude_normalized
m42-health__med42-70b_annex_iv,training,preprocessing,0,,,claude_normalized
m42-health__med42-70b_annex_iv,training,assumptions,0,,,claude_normalized
m42-health__med42-70b_annex_iv,training,suitability,1,,,claude_normalized
m42-health__med42-70b_annex_iv,training,bias_examination,0,,,claude_normalized
m42-health__med42-70b_annex_iv,training,bias_mitigation,0,,,claude_normalized
m42-health__med42-70b_annex_iv,training,data_gap,1,,,claude_normalized
m42-health__med42-70b_annex_iv,training,relevance,0,,,claude_normalized
m42-health__med42-70b_annex_iv,training,representativeness,0,,,claude_normalized
m42-health__med42-70b_annex_iv,training,statistical_props,0,,,claude_normalized
m42-health__med42-70b_annex_iv,training,quality_metrics,0,,,claude_normalized
m42-health__med42-70b_annex_iv,training,contextual_characteristics,0,,,claude_normalized
m42-health__med42-70b_annex_iv,validation,design_choices,0,,,claude_normalized
m42-health__med42-70b_annex_iv,validation,provenance,0,,,claude_normalized
m42-health__med42-70b_annex_iv,validation,preprocessing,0,,,claude_normalized
m42-health__med42-70b_annex_iv,validation,assumptions,0,,,claude_normalized
m42-health__med42-70b_annex_iv,validation,suitability,0,,,claude_normalized
m42-health__med42-70b_annex_iv,validation,bias_examination,0,,,claude_normalized
m42-health__med42-70b_annex_iv,validation,bias_mitigation,0,,,claude_normalized
m42-health__med42-70b_annex_iv,validation,data_gap,0,,,claude_normalized
m42-health__med42-70b_annex_iv,validation,relevance,0,,,claude_normalized
m42-health__med42-70b_annex_iv,validation,representativeness,0,,,claude_normalized
m42-health__med42-70b_annex_iv,validation,statistical_props,0,,,claude_normalized
m42-health__med42-70b_annex_iv,validation,quality_metrics,0,,,claude_normalized
m42-health__med42-70b_annex_iv,validation,contextual_characteristics,0,,,claude_normalized
m42-health__med42-70b_annex_iv,testing,design_choices,1,,,claude_normalized
m42-health__med42-70b_annex_iv,testing,provenance,1,,,claude_normalized
m42-health__med42-70b_annex_iv,testing,preprocessing,0,,,claude_normalized
m42-health__med42-70b_annex_iv,testing,assumptions,0,,,claude_normalized
m42-health__med42-70b_annex_iv,testing,suitability,0,,,claude_normalized
m42-health__med42-70b_annex_iv,testing,bias_examination,0,,,claude_normalized
m42-health__med42-70b_annex_iv,testing,bias_mitigation,0,,,claude_normalized
m42-health__med42-70b_annex_iv,testing,data_gap,0,,,claude_normalized
m42-health__med42-70b_annex_iv,testing,relevance,0,,,claude_normalized
m42-health__med42-70b_annex_iv,testing,representativeness,0,,,claude_normalized
m42-health__med42-70b_annex_iv,testing,statistical_props,0,,,claude_normalized
m42-health__med42-70b_annex_iv,testing,quality_metrics,1,,,claude_normalized
m42-health__med42-70b_annex_iv,testing,contextual_characteristics,0,,,claude_normalized
medicalai__ClinicalBERT_annex_iv,training,design_choices,1,,,claude_normalized
medicalai__ClinicalBERT_annex_iv,training,provenance,1,,,claude_normalized
medicalai__ClinicalBERT_annex_iv,training,preprocessing,0,,,claude_normalized
medicalai__ClinicalBERT_annex_iv,training,assumptions,0,,,claude_normalized
medicalai__ClinicalBERT_annex_iv,training,suitability,1,,,claude_normalized
medicalai__ClinicalBERT_annex_iv,training,bias_examination,0,,,claude_normalized
medicalai__ClinicalBERT_annex_iv,training,bias_mitigation,0,,,claude_normalized
medicalai__ClinicalBERT_annex_iv,training,data_gap,0,,,claude_normalized
medicalai__ClinicalBERT_annex_iv,training,relevance,0,,,claude_normalized
medicalai__ClinicalBERT_annex_iv,training,representativeness,0,,,claude_normalized
medicalai__ClinicalBERT_annex_iv,training,statistical_props,0,,,claude_normalized
medicalai__ClinicalBERT_annex_iv,training,quality_metrics,0,,,claude_normalized
medicalai__ClinicalBERT_annex_iv,training,contextual_characteristics,0,,,claude_normalized
medicalai__ClinicalBERT_annex_iv,validation,design_choices,0,,,claude_normalized
medicalai__ClinicalBERT_annex_iv,validation,provenance,0,,,claude_normalized
medicalai__ClinicalBERT_annex_iv,validation,preprocessing,0,,,claude_normalized
medicalai__ClinicalBERT_annex_iv,validation,assumptions,0,,,claude_normalized
medicalai__ClinicalBERT_annex_iv,validation,suitability,0,,,claude_normalized
medicalai__ClinicalBERT_annex_iv,validation,bias_examination,0,,,claude_normalized
medicalai__ClinicalBERT_annex_iv,validation,bias_mitigation,0,,,claude_normalized
medicalai__ClinicalBERT_annex_iv,validation,data_gap,0,,,claude_normalized
medicalai__ClinicalBERT_annex_iv,validation,relevance,0,,,claude_normalized
medicalai__ClinicalBERT_annex_iv,validation,representativeness,0,,,claude_normalized
medicalai__ClinicalBERT_annex_iv,validation,statistical_props,0,,,claude_normalized
medicalai__ClinicalBERT_annex_iv,validation,quality_metrics,0,,,claude_normalized
medicalai__ClinicalBERT_annex_iv,validation,contextual_characteristics,0,,,claude_normalized
medicalai__ClinicalBERT_annex_iv,testing,design_choices,0,,,claude_normalized
medicalai__ClinicalBERT_annex_iv,testing,provenance,0,,,claude_normalized
medicalai__ClinicalBERT_annex_iv,testing,preprocessing,0,,,claude_normalized
medicalai__ClinicalBERT_annex_iv,testing,assumptions,0,,,claude_normalized
medicalai__ClinicalBERT_annex_iv,testing,suitability,0,,,claude_normalized
medicalai__ClinicalBERT_annex_iv,testing,bias_examination,0,,,claude_normalized
medicalai__ClinicalBERT_annex_iv,testing,bias_mitigation,0,,,claude_normalized
medicalai__ClinicalBERT_annex_iv,testing,data_gap,0,,,claude_normalized
medicalai__ClinicalBERT_annex_iv,testing,relevance,0,,,claude_normalized
medicalai__ClinicalBERT_annex_iv,testing,representativeness,0,,,claude_normalized
medicalai__ClinicalBERT_annex_iv,testing,statistical_props,0,,,claude_normalized
medicalai__ClinicalBERT_annex_iv,testing,quality_metrics,0,,,claude_normalized
medicalai__ClinicalBERT_annex_iv,testing,contextual_characteristics,0,,,claude_normalized
microsoft__BiomedCLIP-PubMedBERT_256-vit_base_patch16_224_annex_iv,training,design_choices,1,,,claude_normalized
microsoft__BiomedCLIP-PubMedBERT_256-vit_base_patch16_224_annex_iv,training,provenance,1,,,claude_normalized
microsoft__BiomedCLIP-PubMedBERT_256-vit_base_patch16_224_annex_iv,training,preprocessing,1,,,claude_normalized
microsoft__BiomedCLIP-PubMedBERT_256-vit_base_patch16_224_annex_iv,training,assumptions,0,,,claude_normalized
microsoft__BiomedCLIP-PubMedBERT_256-vit_base_patch16_224_annex_iv,training,suitability,1,,,claude_normalized
microsoft__BiomedCLIP-PubMedBERT_256-vit_base_patch16_224_annex_iv,training,bias_examination,0,,,claude_normalized
microsoft__BiomedCLIP-PubMedBERT_256-vit_base_patch16_224_annex_iv,training,bias_mitigation,0,,,claude_normalized
microsoft__BiomedCLIP-PubMedBERT_256-vit_base_patch16_224_annex_iv,training,data_gap,1,,,claude_normalized
microsoft__BiomedCLIP-PubMedBERT_256-vit_base_patch16_224_annex_iv,training,relevance,0,,,claude_normalized
microsoft__BiomedCLIP-PubMedBERT_256-vit_base_patch16_224_annex_iv,training,representativeness,1,,,claude_normalized
microsoft__BiomedCLIP-PubMedBERT_256-vit_base_patch16_224_annex_iv,training,statistical_props,0,,,claude_normalized
microsoft__BiomedCLIP-PubMedBERT_256-vit_base_patch16_224_annex_iv,training,quality_metrics,0,,,claude_normalized
microsoft__BiomedCLIP-PubMedBERT_256-vit_base_patch16_224_annex_iv,training,contextual_characteristics,0,,,claude_normalized
microsoft__BiomedCLIP-PubMedBERT_256-vit_base_patch16_224_annex_iv,validation,design_choices,0,,,claude_normalized
microsoft__BiomedCLIP-PubMedBERT_256-vit_base_patch16_224_annex_iv,validation,provenance,0,,,claude_normalized
microsoft__BiomedCLIP-PubMedBERT_256-vit_base_patch16_224_annex_iv,validation,preprocessing,0,,,claude_normalized
microsoft__BiomedCLIP-PubMedBERT_256-vit_base_patch16_224_annex_iv,validation,assumptions,0,,,claude_normalized
microsoft__BiomedCLIP-PubMedBERT_256-vit_base_patch16_224_annex_iv,validation,suitability,0,,,claude_normalized
microsoft__BiomedCLIP-PubMedBERT_256-vit_base_patch16_224_annex_iv,validation,bias_examination,0,,,claude_normalized
microsoft__BiomedCLIP-PubMedBERT_256-vit_base_patch16_224_annex_iv,validation,bias_mitigation,0,,,claude_normalized
microsoft__BiomedCLIP-PubMedBERT_256-vit_base_patch16_224_annex_iv,validation,data_gap,0,,,claude_normalized
microsoft__BiomedCLIP-PubMedBERT_256-vit_base_patch16_224_annex_iv,validation,relevance,0,,,claude_normalized
microsoft__BiomedCLIP-PubMedBERT_256-vit_base_patch16_224_annex_iv,validation,representativeness,0,,,claude_normalized
microsoft__BiomedCLIP-PubMedBERT_256-vit_base_patch16_224_annex_iv,validation,statistical_props,0,,,claude_normalized
microsoft__BiomedCLIP-PubMedBERT_256-vit_base_patch16_224_annex_iv,validation,quality_metrics,0,,,claude_normalized
microsoft__BiomedCLIP-PubMedBERT_256-vit_base_patch16_224_annex_iv,validation,contextual_characteristics,0,,,claude_normalized
microsoft__BiomedCLIP-PubMedBERT_256-vit_base_patch16_224_annex_iv,testing,design_choices,1,,,claude_normalized
microsoft__BiomedCLIP-PubMedBERT_256-vit_base_patch16_224_annex_iv,testing,provenance,1,,,claude_normalized
microsoft__BiomedCLIP-PubMedBERT_256-vit_base_patch16_224_annex_iv,testing,preprocessing,0,,,claude_normalized
microsoft__BiomedCLIP-PubMedBERT_256-vit_base_patch16_224_annex_iv,testing,assumptions,0,,,claude_normalized
microsoft__BiomedCLIP-PubMedBERT_256-vit_base_patch16_224_annex_iv,testing,suitability,0,,,claude_normalized
microsoft__BiomedCLIP-PubMedBERT_256-vit_base_patch16_224_annex_iv,testing,bias_examination,0,,,claude_normalized
microsoft__BiomedCLIP-PubMedBERT_256-vit_base_patch16_224_annex_iv,testing,bias_mitigation,0,,,claude_normalized
microsoft__BiomedCLIP-PubMedBERT_256-vit_base_patch16_224_annex_iv,testing,data_gap,0,,,claude_normalized
microsoft__BiomedCLIP-PubMedBERT_256-vit_base_patch16_224_annex_iv,testing,relevance,0,,,claude_normalized
microsoft__BiomedCLIP-PubMedBERT_256-vit_base_patch16_224_annex_iv,testing,representativeness,0,,,claude_normalized
microsoft__BiomedCLIP-PubMedBERT_256-vit_base_patch16_224_annex_iv,testing,statistical_props,0,,,claude_normalized
microsoft__BiomedCLIP-PubMedBERT_256-vit_base_patch16_224_annex_iv,testing,quality_metrics,1,,,claude_normalized
microsoft__BiomedCLIP-PubMedBERT_256-vit_base_patch16_224_annex_iv,testing,contextual_characteristics,0,,,claude_normalized
microsoft__BiomedVLP-BioViL-T_annex_iv,training,design_choices,1,,,claude_normalized
microsoft__BiomedVLP-BioViL-T_annex_iv,training,provenance,1,,,claude_normalized
microsoft__BiomedVLP-BioViL-T_annex_iv,training,preprocessing,0,,,claude_normalized
microsoft__BiomedVLP-BioViL-T_annex_iv,training,assumptions,0,,,claude_normalized
microsoft__BiomedVLP-BioViL-T_annex_iv,training,suitability,0,,,claude_normalized
microsoft__BiomedVLP-BioViL-T_annex_iv,training,bias_examination,0,,,claude_normalized
microsoft__BiomedVLP-BioViL-T_annex_iv,training,bias_mitigation,0,,,claude_normalized
microsoft__BiomedVLP-BioViL-T_annex_iv,training,data_gap,1,,,claude_normalized
microsoft__BiomedVLP-BioViL-T_annex_iv,training,relevance,0,,,claude_normalized
microsoft__BiomedVLP-BioViL-T_annex_iv,training,representativeness,1,,,claude_normalized
microsoft__BiomedVLP-BioViL-T_annex_iv,training,statistical_props,0,,,claude_normalized
microsoft__BiomedVLP-BioViL-T_annex_iv,training,quality_metrics,0,,,claude_normalized
microsoft__BiomedVLP-BioViL-T_annex_iv,training,contextual_characteristics,1,,,claude_normalized
microsoft__BiomedVLP-BioViL-T_annex_iv,validation,design_choices,0,,,claude_normalized
microsoft__BiomedVLP-BioViL-T_annex_iv,validation,provenance,0,,,claude_normalized
microsoft__BiomedVLP-BioViL-T_annex_iv,validation,preprocessing,0,,,claude_normalized
microsoft__BiomedVLP-BioViL-T_annex_iv,validation,assumptions,0,,,claude_normalized
microsoft__BiomedVLP-BioViL-T_annex_iv,validation,suitability,0,,,claude_normalized
microsoft__BiomedVLP-BioViL-T_annex_iv,validation,bias_examination,0,,,claude_normalized
microsoft__BiomedVLP-BioViL-T_annex_iv,validation,bias_mitigation,0,,,claude_normalized
microsoft__BiomedVLP-BioViL-T_annex_iv,validation,data_gap,0,,,claude_normalized
microsoft__BiomedVLP-BioViL-T_annex_iv,validation,relevance,0,,,claude_normalized
microsoft__BiomedVLP-BioViL-T_annex_iv,validation,representativeness,0,,,claude_normalized
microsoft__BiomedVLP-BioViL-T_annex_iv,validation,statistical_props,0,,,claude_normalized
microsoft__BiomedVLP-BioViL-T_annex_iv,validation,quality_metrics,0,,,claude_normalized
microsoft__BiomedVLP-BioViL-T_annex_iv,validation,contextual_characteristics,0,,,claude_normalized
microsoft__BiomedVLP-BioViL-T_annex_iv,testing,design_choices,1,,,claude_normalized
microsoft__BiomedVLP-BioViL-T_annex_iv,testing,provenance,1,,,claude_normalized
microsoft__BiomedVLP-BioViL-T_annex_iv,testing,preprocessing,0,,,claude_normalized
microsoft__BiomedVLP-BioViL-T_annex_iv,testing,assumptions,0,,,claude_normalized
microsoft__BiomedVLP-BioViL-T_annex_iv,testing,suitability,0,,,claude_normalized
microsoft__BiomedVLP-BioViL-T_annex_iv,testing,bias_examination,0,,,claude_normalized
microsoft__BiomedVLP-BioViL-T_annex_iv,testing,bias_mitigation,0,,,claude_normalized
microsoft__BiomedVLP-BioViL-T_annex_iv,testing,data_gap,0,,,claude_normalized
microsoft__BiomedVLP-BioViL-T_annex_iv,testing,relevance,0,,,claude_normalized
microsoft__BiomedVLP-BioViL-T_annex_iv,testing,representativeness,0,,,claude_normalized
microsoft__BiomedVLP-BioViL-T_annex_iv,testing,statistical_props,0,,,claude_normalized
microsoft__BiomedVLP-BioViL-T_annex_iv,testing,quality_metrics,1,,,claude_normalized
microsoft__BiomedVLP-BioViL-T_annex_iv,testing,contextual_characteristics,0,,,claude_normalized
microsoft__BiomedVLP-CXR-BERT-specialized_annex_iv,training,design_choices,1,,,claude_normalized
microsoft__BiomedVLP-CXR-BERT-specialized_annex_iv,training,provenance,1,,,claude_normalized
microsoft__BiomedVLP-CXR-BERT-specialized_annex_iv,training,preprocessing,1,,,claude_normalized
microsoft__BiomedVLP-CXR-BERT-specialized_annex_iv,training,assumptions,0,,,claude_normalized
microsoft__BiomedVLP-CXR-BERT-specialized_annex_iv,training,suitability,0,,,claude_normalized
microsoft__BiomedVLP-CXR-BERT-specialized_annex_iv,training,bias_examination,0,,,claude_normalized
microsoft__BiomedVLP-CXR-BERT-specialized_annex_iv,training,bias_mitigation,0,,,claude_normalized
microsoft__BiomedVLP-CXR-BERT-specialized_annex_iv,training,data_gap,1,,,claude_normalized
microsoft__BiomedVLP-CXR-BERT-specialized_annex_iv,training,relevance,0,,,claude_normalized
microsoft__BiomedVLP-CXR-BERT-specialized_annex_iv,training,representativeness,1,,,claude_normalized
microsoft__BiomedVLP-CXR-BERT-specialized_annex_iv,training,statistical_props,0,,,claude_normalized
microsoft__BiomedVLP-CXR-BERT-specialized_annex_iv,training,quality_metrics,0,,,claude_normalized
microsoft__BiomedVLP-CXR-BERT-specialized_annex_iv,training,contextual_characteristics,1,,,claude_normalized
microsoft__BiomedVLP-CXR-BERT-specialized_annex_iv,validation,design_choices,0,,,claude_normalized
microsoft__BiomedVLP-CXR-BERT-specialized_annex_iv,validation,provenance,0,,,claude_normalized
microsoft__BiomedVLP-CXR-BERT-specialized_annex_iv,validation,preprocessing,0,,,claude_normalized
microsoft__BiomedVLP-CXR-BERT-specialized_annex_iv,validation,assumptions,0,,,claude_normalized
microsoft__BiomedVLP-CXR-BERT-specialized_annex_iv,validation,suitability,0,,,claude_normalized
microsoft__BiomedVLP-CXR-BERT-specialized_annex_iv,validation,bias_examination,0,,,claude_normalized
microsoft__BiomedVLP-CXR-BERT-specialized_annex_iv,validation,bias_mitigation,0,,,claude_normalized
microsoft__BiomedVLP-CXR-BERT-specialized_annex_iv,validation,data_gap,0,,,claude_normalized
microsoft__BiomedVLP-CXR-BERT-specialized_annex_iv,validation,relevance,0,,,claude_normalized
microsoft__BiomedVLP-CXR-BERT-specialized_annex_iv,validation,representativeness,0,,,claude_normalized
microsoft__BiomedVLP-CXR-BERT-specialized_annex_iv,validation,statistical_props,0,,,claude_normalized
microsoft__BiomedVLP-CXR-BERT-specialized_annex_iv,validation,quality_metrics,0,,,claude_normalized
microsoft__BiomedVLP-CXR-BERT-specialized_annex_iv,validation,contextual_characteristics,0,,,claude_normalized
microsoft__BiomedVLP-CXR-BERT-specialized_annex_iv,testing,design_choices,1,,,claude_normalized
microsoft__BiomedVLP-CXR-BERT-specialized_annex_iv,testing,provenance,1,,,claude_normalized
microsoft__BiomedVLP-CXR-BERT-specialized_annex_iv,testing,preprocessing,0,,,claude_normalized
microsoft__BiomedVLP-CXR-BERT-specialized_annex_iv,testing,assumptions,0,,,claude_normalized
microsoft__BiomedVLP-CXR-BERT-specialized_annex_iv,testing,suitability,0,,,claude_normalized
microsoft__BiomedVLP-CXR-BERT-specialized_annex_iv,testing,bias_examination,0,,,claude_normalized
microsoft__BiomedVLP-CXR-BERT-specialized_annex_iv,testing,bias_mitigation,0,,,claude_normalized
microsoft__BiomedVLP-CXR-BERT-specialized_annex_iv,testing,data_gap,0,,,claude_normalized
microsoft__BiomedVLP-CXR-BERT-specialized_annex_iv,testing,relevance,0,,,claude_normalized
microsoft__BiomedVLP-CXR-BERT-specialized_annex_iv,testing,representativeness,0,,,claude_normalized
microsoft__BiomedVLP-CXR-BERT-specialized_annex_iv,testing,statistical_props,0,,,claude_normalized
microsoft__BiomedVLP-CXR-BERT-specialized_annex_iv,testing,quality_metrics,1,,,claude_normalized
microsoft__BiomedVLP-CXR-BERT-specialized_annex_iv,testing,contextual_characteristics,0,,,claude_normalized
microsoft__biogpt_annex_iv,training,design_choices,1,,,claude_normalized
microsoft__biogpt_annex_iv,training,provenance,1,,,claude_normalized
microsoft__biogpt_annex_iv,training,preprocessing,0,,,claude_normalized
microsoft__biogpt_annex_iv,training,assumptions,0,,,claude_normalized
microsoft__biogpt_annex_iv,training,suitability,0,,,claude_normalized
microsoft__biogpt_annex_iv,training,bias_examination,0,,,claude_normalized
microsoft__biogpt_annex_iv,training,bias_mitigation,0,,,claude_normalized
microsoft__biogpt_annex_iv,training,data_gap,0,,,claude_normalized
microsoft__biogpt_annex_iv,training,relevance,0,,,claude_normalized
microsoft__biogpt_annex_iv,training,representativeness,0,,,claude_normalized
microsoft__biogpt_annex_iv,training,statistical_props,0,,,claude_normalized
microsoft__biogpt_annex_iv,training,quality_metrics,0,,,claude_normalized
microsoft__biogpt_annex_iv,training,contextual_characteristics,0,,,claude_normalized
microsoft__biogpt_annex_iv,validation,design_choices,0,,,claude_normalized
microsoft__biogpt_annex_iv,validation,provenance,0,,,claude_normalized
microsoft__biogpt_annex_iv,validation,preprocessing,0,,,claude_normalized
microsoft__biogpt_annex_iv,validation,assumptions,0,,,claude_normalized
microsoft__biogpt_annex_iv,validation,suitability,0,,,claude_normalized
microsoft__biogpt_annex_iv,validation,bias_examination,0,,,claude_normalized
microsoft__biogpt_annex_iv,validation,bias_mitigation,0,,,claude_normalized
microsoft__biogpt_annex_iv,validation,data_gap,0,,,claude_normalized
microsoft__biogpt_annex_iv,validation,relevance,0,,,claude_normalized
microsoft__biogpt_annex_iv,validation,representativeness,0,,,claude_normalized
microsoft__biogpt_annex_iv,validation,statistical_props,0,,,claude_normalized
microsoft__biogpt_annex_iv,validation,quality_metrics,0,,,claude_normalized
microsoft__biogpt_annex_iv,validation,contextual_characteristics,0,,,claude_normalized
microsoft__biogpt_annex_iv,testing,design_choices,1,,,claude_normalized
microsoft__biogpt_annex_iv,testing,provenance,1,,,claude_normalized
microsoft__biogpt_annex_iv,testing,preprocessing,0,,,claude_normalized
microsoft__biogpt_annex_iv,testing,assumptions,0,,,claude_normalized
microsoft__biogpt_annex_iv,testing,suitability,0,,,claude_normalized
microsoft__biogpt_annex_iv,testing,bias_examination,0,,,claude_normalized
microsoft__biogpt_annex_iv,testing,bias_mitigation,0,,,claude_normalized
microsoft__biogpt_annex_iv,testing,data_gap,0,,,claude_normalized
microsoft__biogpt_annex_iv,testing,relevance,0,,,claude_normalized
microsoft__biogpt_annex_iv,testing,representativeness,0,,,claude_normalized
microsoft__biogpt_annex_iv,testing,statistical_props,0,,,claude_normalized
microsoft__biogpt_annex_iv,testing,quality_metrics,1,,,claude_normalized
microsoft__biogpt_annex_iv,testing,contextual_characteristics,0,,,claude_normalized
sultan__BioM-ELECTRA-Large-SQuAD2_annex_iv,training,design_choices,1,,,claude_normalized
sultan__BioM-ELECTRA-Large-SQuAD2_annex_iv,training,provenance,1,,,claude_normalized
sultan__BioM-ELECTRA-Large-SQuAD2_annex_iv,training,preprocessing,0,,,claude_normalized
sultan__BioM-ELECTRA-Large-SQuAD2_annex_iv,training,assumptions,0,,,claude_normalized
sultan__BioM-ELECTRA-Large-SQuAD2_annex_iv,training,suitability,0,,,claude_normalized
sultan__BioM-ELECTRA-Large-SQuAD2_annex_iv,training,bias_examination,0,,,claude_normalized
sultan__BioM-ELECTRA-Large-SQuAD2_annex_iv,training,bias_mitigation,0,,,claude_normalized
sultan__BioM-ELECTRA-Large-SQuAD2_annex_iv,training,data_gap,0,,,claude_normalized
sultan__BioM-ELECTRA-Large-SQuAD2_annex_iv,training,relevance,0,,,claude_normalized
sultan__BioM-ELECTRA-Large-SQuAD2_annex_iv,training,representativeness,0,,,claude_normalized
sultan__BioM-ELECTRA-Large-SQuAD2_annex_iv,training,statistical_props,0,,,claude_normalized
sultan__BioM-ELECTRA-Large-SQuAD2_annex_iv,training,quality_metrics,0,,,claude_normalized
sultan__BioM-ELECTRA-Large-SQuAD2_annex_iv,training,contextual_characteristics,0,,,claude_normalized
sultan__BioM-ELECTRA-Large-SQuAD2_annex_iv,validation,design_choices,0,,,claude_normalized
sultan__BioM-ELECTRA-Large-SQuAD2_annex_iv,validation,provenance,0,,,claude_normalized
sultan__BioM-ELECTRA-Large-SQuAD2_annex_iv,validation,preprocessing,0,,,claude_normalized
sultan__BioM-ELECTRA-Large-SQuAD2_annex_iv,validation,assumptions,0,,,claude_normalized
sultan__BioM-ELECTRA-Large-SQuAD2_annex_iv,validation,suitability,0,,,claude_normalized
sultan__BioM-ELECTRA-Large-SQuAD2_annex_iv,validation,bias_examination,0,,,claude_normalized
sultan__BioM-ELECTRA-Large-SQuAD2_annex_iv,validation,bias_mitigation,0,,,claude_normalized
sultan__BioM-ELECTRA-Large-SQuAD2_annex_iv,validation,data_gap,0,,,claude_normalized
sultan__BioM-ELECTRA-Large-SQuAD2_annex_iv,validation,relevance,0,,,claude_normalized
sultan__BioM-ELECTRA-Large-SQuAD2_annex_iv,validation,representativeness,0,,,claude_normalized
sultan__BioM-ELECTRA-Large-SQuAD2_annex_iv,validation,statistical_props,0,,,claude_normalized
sultan__BioM-ELECTRA-Large-SQuAD2_annex_iv,validation,quality_metrics,0,,,claude_normalized
sultan__BioM-ELECTRA-Large-SQuAD2_annex_iv,validation,contextual_characteristics,0,,,claude_normalized
sultan__BioM-ELECTRA-Large-SQuAD2_annex_iv,testing,design_choices,1,,,claude_normalized
sultan__BioM-ELECTRA-Large-SQuAD2_annex_iv,testing,provenance,1,,,claude_normalized
sultan__BioM-ELECTRA-Large-SQuAD2_annex_iv,testing,preprocessing,0,,,claude_normalized
sultan__BioM-ELECTRA-Large-SQuAD2_annex_iv,testing,assumptions,0,,,claude_normalized
sultan__BioM-ELECTRA-Large-SQuAD2_annex_iv,testing,suitability,0,,,claude_normalized
sultan__BioM-ELECTRA-Large-SQuAD2_annex_iv,testing,bias_examination,0,,,claude_normalized
sultan__BioM-ELECTRA-Large-SQuAD2_annex_iv,testing,bias_mitigation,0,,,claude_normalized
sultan__BioM-ELECTRA-Large-SQuAD2_annex_iv,testing,data_gap,1,,,claude_normalized
sultan__BioM-ELECTRA-Large-SQuAD2_annex_iv,testing,relevance,0,,,claude_normalized
sultan__BioM-ELECTRA-Large-SQuAD2_annex_iv,testing,representativeness,0,,,claude_normalized
sultan__BioM-ELECTRA-Large-SQuAD2_annex_iv,testing,statistical_props,1,,,claude_normalized
sultan__BioM-ELECTRA-Large-SQuAD2_annex_iv,testing,quality_metrics,1,,,claude_normalized
sultan__BioM-ELECTRA-Large-SQuAD2_annex_iv,testing,contextual_characteristics,0,,,claude_normalized
techops_raw_annex_iv,training,design_choices,1,,,claude_normalized
techops_raw_annex_iv,training,provenance,1,,,claude_normalized
techops_raw_annex_iv,training,preprocessing,1,,,claude_normalized
techops_raw_annex_iv,training,assumptions,1,,,claude_normalized
techops_raw_annex_iv,training,suitability,1,,,claude_normalized
techops_raw_annex_iv,training,bias_examination,1,,,claude_normalized
techops_raw_annex_iv,training,bias_mitigation,1,,,claude_normalized
techops_raw_annex_iv,training,data_gap,1,,,claude_normalized
techops_raw_annex_iv,training,relevance,1,,,claude_normalized
techops_raw_annex_iv,training,representativeness,1,,,claude_normalized
techops_raw_annex_iv,training,statistical_props,1,,,claude_normalized
techops_raw_annex_iv,training,quality_metrics,1,,,claude_normalized
techops_raw_annex_iv,training,contextual_characteristics,1,,,claude_normalized
techops_raw_annex_iv,validation,design_choices,0,,,claude_normalized
techops_raw_annex_iv,validation,provenance,0,,,claude_normalized
techops_raw_annex_iv,validation,preprocessing,0,,,claude_normalized
techops_raw_annex_iv,validation,assumptions,0,,,claude_normalized
techops_raw_annex_iv,validation,suitability,0,,,claude_normalized
techops_raw_annex_iv,validation,bias_examination,0,,,claude_normalized
techops_raw_annex_iv,validation,bias_mitigation,0,,,claude_normalized
techops_raw_annex_iv,validation,data_gap,0,,,claude_normalized
techops_raw_annex_iv,validation,relevance,0,,,claude_normalized
techops_raw_annex_iv,validation,representativeness,0,,,claude_normalized
techops_raw_annex_iv,validation,statistical_props,0,,,claude_normalized
techops_raw_annex_iv,validation,quality_metrics,0,,,claude_normalized
techops_raw_annex_iv,validation,contextual_characteristics,0,,,claude_normalized
techops_raw_annex_iv,testing,design_choices,0,,,claude_normalized
techops_raw_annex_iv,testing,provenance,0,,,claude_normalized
techops_raw_annex_iv,testing,preprocessing,0,,,claude_normalized
techops_raw_annex_iv,testing,assumptions,0,,,claude_normalized
techops_raw_annex_iv,testing,suitability,0,,,claude_normalized
techops_raw_annex_iv,testing,bias_examination,0,,,claude_normalized
techops_raw_annex_iv,testing,bias_mitigation,0,,,claude_normalized
techops_raw_annex_iv,testing,data_gap,0,,,claude_normalized
techops_raw_annex_iv,testing,relevance,0,,,claude_normalized
techops_raw_annex_iv,testing,representativeness,0,,,claude_normalized
techops_raw_annex_iv,testing,statistical_props,0,,,claude_normalized
techops_raw_annex_iv,testing,quality_metrics,0,,,claude_normalized
techops_raw_annex_iv,testing,contextual_characteristics,0,,,claude_normalized
